<?xml version="1.0" encoding="UTF-8" standalone="yes"?>
<ns3:WarehouseItems xmlns:ns2="http://www.example.com/a" xmlns:ns3="http://www.example.com">
    <ns2:warehouseItem>
        <product>
            <manufacturerName>Brand1</manufacturerName>
            <productType>TV</productType>
            <unitPrice>500.0</unitPrice>
        </product>
        <quantity>25</quantity>
    </ns2:warehouseItem>
    <ns2:warehouseItem>
        <product>
            <manufacturerName>Brand2</manufacturerName>
            <productType>DVD Player</productType>
            <unitPrice>99.0</unitPrice>
        </product>
        <quantity>100</quantity>
    </ns2:warehouseItem>
    <ns2:warehouseItem>
        <product>
            <manufacturerName>Brand3</manufacturerName>
            <productType>video camera</productType>
            <unitPrice>150.0</unitPrice>
        </product>
        <quantity>10</quantity>
    </ns2:warehouseItem>
</ns3:WarehouseItems>
