<?xml version='1.0' encoding='UTF-8' ?>
<schemas xmlns='http://xml.netbeans.org/schema/JAXBWizConfig' destdir='build/generated-sources/jaxb' projectName='Assign1Exercise3' version='1.0'>
	<schema type='-wsdl' package='org.wsdl.creditreport' name='CreditReport'>
		<xjc-options>
		</xjc-options>
		<schema-sources>
			<schema-source location='xml-resources/jaxb/CreditReport/CreditReportSimple.wsdl' origLocation='../../../../../../Downloads/CreditReportSimple.wsdl'/>
		</schema-sources>
		<bindings>
		</bindings>
		<catalog/>
	</schema>
</schemas>
